{"Training MSE Loss": 0.03249724619090557, "Training CLIP Loss": 0.960107421875, "Training Total Loss": 0.403531551361084, "_timestamp": 1714642453.712103, "_runtime": 67.71489477157593, "_step": 15}