{"Training MSE Loss": 0.02284576791435574, "Training CLIP Loss": 0.9111512963328076, "Training Total Loss": 0.4669985320853886, "Validation MSE Loss": 0.017504533156752586, "Validation CLIP Loss": 0.90064453125, "Validation Total Loss": 0.45907453298568723, "_timestamp": 1714637853.439226, "_runtime": 240.84738683700562, "_step": 0}