{"Training loss": 0.7952637672424316, "_timestamp": 1714553215.2777772, "_runtime": 1648.1149411201477, "_step": 683, "_wandb": {"runtime": 1647}}