{"Training MSE Loss": 0.01512659527361393, "Training CLIP Loss": 0.89609375, "Training Total Loss": 0.45561017096042633, "_timestamp": 1714638172.9838724, "_runtime": 116.30589151382446, "_step": 29}