{"Training loss": 0.5332372188568115, "_timestamp": 1714633711.0695567, "_runtime": 1788.8814556598663, "_step": 6589, "Validation loss": 0.4990786612033844, "_wandb": {"runtime": 1788}}