{"Training loss": 0.4810623228549957, "_timestamp": 1714623954.7758746, "_runtime": 81.24625849723816, "_step": 207}