{"Training loss": 0.5280597805976868, "_timestamp": 1714631882.3494494, "_runtime": 110.57615447044373, "_step": 263}