{"Training loss": 0.7933254837989807, "_timestamp": 1714620819.1228378, "_runtime": 1801.5140998363495, "_step": 6589, "Validation loss": 0.7933254837989807, "_wandb": {"runtime": 1800}}