{"Training loss": 0.7991078495979309, "_timestamp": 1714555108.4277198, "_runtime": 1628.9224457740784, "_step": 683, "_wandb": {"runtime": 1628}}