{"Training MSE Loss": 0.02499017845839262, "Training CLIP Loss": 0.92451171875, "Training Total Loss": 0.4747509479522705, "Validation MSE Loss": NaN, "Validation CLIP Loss": NaN, "Validation Total Loss": NaN, "_timestamp": 1714637339.3745248, "_runtime": 173.72695684432983, "_step": 46}