{"Training loss": 0.8178268671035767, "_timestamp": 1714623957.6876323, "_runtime": 776.5177524089813, "_step": 2618, "Validation loss": 0.8178268671035767}