{"Training loss": 0.78822261095047, "_timestamp": 1714622832.0084548, "_runtime": 1780.3870697021484, "_step": 6589, "Validation loss": 0.78822261095047, "_wandb": {"runtime": 1779}}