{"Training loss": 0.4794015884399414, "_timestamp": 1714624281.520672, "_runtime": 260.3677921295166, "_step": 710, "Validation loss": 0.4915357530117035}