{"Training loss": 0.47918686270713806, "_timestamp": 1714626080.7573652, "_runtime": 1767.1527211666107, "_step": 6589, "Validation loss": 0.48533880710601807, "_wandb": {"runtime": 1766}}