{"Training loss": 0.5186734795570374, "_timestamp": 1714631569.063454, "_runtime": 946.9923548698425, "_step": 3324, "Validation loss": 0.5103235244750977, "_wandb": {"runtime": 946}}