{"Training loss": 0.8304757475852966, "_timestamp": 1714539726.1174436, "_runtime": 1658.440768480301, "_step": 683, "_wandb": {"runtime": 1657}}